<?xml version="1.0" encoding="UTF-8" ?>
<!DOCTYPE mapper
  PUBLIC "-//mybatis.org//DTD Mapper 3.0//EN"
  "http://mybatis.org/dtd/mybatis-3-mapper.dtd">

<mapper namespace="com.ssafy.enjoytrip.domain.attraction.mapper.AttractionMapper">

    <select id="getAll" resultType="com.ssafy.enjoytrip.domain.attraction.model.Attraction">
        SELECT * FROM attractions
    </select>

    <select id="getAllByPage" resultType="com.ssafy.enjoytrip.domain.attraction.model.Attraction">
        SELECT * FROM attractions
        LIMIT 10 OFFSET #{page}
    </select>

    <select id="selectByNo" resultType="com.ssafy.enjoytrip.domain.attraction.model.Attraction">
        SELECT * FROM attractions
        WHERE no = #{no}
    </select>

    <select id="getWithContentTypeByPage" resultType="com.ssafy.enjoytrip.domain.attraction.model.Attraction">
        SELECT * FROM attractions
        WHERE content_type_id = #{contentType}
        LIMIT 10 OFFSET #{page}
    </select>

    <select id="getByAreaAndSigunguAndContentType" resultType="com.ssafy.enjoytrip.domain.attraction.model.Attraction">
        SELECT * FROM attractions
        WHERE area_code = #{areaCode}
          AND si_gun_gu_code = #{sigungu}
          AND content_type_id = #{contentType}
    </select>

    <select id="getByAreaAndSigungu" resultType="com.ssafy.enjoytrip.domain.attraction.model.Attraction">
        SELECT * FROM attractions
        WHERE area_code = #{areaCode}
          AND si_gun_gu_code = #{sigungu}
    </select>

    <select id="findMarkersByArea" resultType="com.ssafy.enjoytrip.domain.attraction.dto.AttractionMarkerDTO">
        SELECT no, title, latitude, longitude, first_image1
        FROM (
        SELECT *, ROW_NUMBER() OVER (PARTITION BY area_code ORDER BY no) AS rn
        FROM attractions
        WHERE latitude BETWEEN #{lat1} AND #{lat2}
        AND longitude BETWEEN #{lng1} AND #{lng2}
        ) AS grouped
        WHERE rn = 1
    </select>

    <!-- 10 <= zoomLevel <= 14: si_gun_gu_code 기준 대표 마커 -->
    <select id="findMarkersBySigungu" resultType="com.ssafy.enjoytrip.domain.attraction.dto.AttractionMarkerDTO">
        SELECT no, title, latitude, longitude, first_image1
        FROM (
        SELECT *, ROW_NUMBER() OVER (PARTITION BY si_gun_gu_code ORDER BY RAND()) AS rn
        FROM attractions
        WHERE latitude BETWEEN #{lat1} AND #{lat2}
        AND longitude BETWEEN #{lng1} AND #{lng2}
        ) AS grouped
        WHERE
        <choose>
            <when test="zoomLevel &gt;= 14">rn &lt;= 4</when>
            <when test="zoomLevel == 13">rn &lt;= 3</when>
            <when test="zoomLevel == 12">rn &lt;= 2</when>
            <when test="zoomLevel &lt;= 11">rn &lt;= 1</when>
            <otherwise>rn &lt;= 1</otherwise> <!-- 기본값 -->
        </choose>
    </select>


    <!-- zoomLevel >= 15: 모든 마커 -->
    <select id="findMarkersAll" resultType="com.ssafy.enjoytrip.domain.attraction.dto.AttractionMarkerDTO">
        SELECT no, title, latitude, longitude, first_image1
        FROM attractions
        WHERE latitude BETWEEN #{lat1} AND #{lat2}
        AND longitude BETWEEN #{lng1} AND #{lng2}
    </select>

    <select id="findNearbyAttractions" resultType="com.ssafy.enjoytrip.domain.attraction.model.Attraction">
        SELECT *,
        (6371000 * ACOS(
        COS(RADIANS(#{lat})) * COS(RADIANS(latitude)) *
        COS(RADIANS(longitude) - RADIANS(#{lng})) +
        SIN(RADIANS(#{lat})) * SIN(RADIANS(latitude))
        )) AS distance
        FROM attractions
        HAVING distance &lt;= #{radius}
        ORDER BY distance ASC
    </select>

    <select id="findSubAttractions" resultType="com.ssafy.enjoytrip.domain.attraction.model.SubAttraction">
        SELECT *
        FROM sub_attractions
        WHERE attraction_no = #{attractionNo}
    </select>
</mapper>
