<?xml version="1.0" encoding="UTF-8" ?>
<!DOCTYPE mapper
        PUBLIC "-//mybatis.org//DTD Mapper 3.0//EN"
        "http://mybatis.org/dtd/mybatis-3-mapper.dtd">

<mapper namespace="com.ssafy.enjoytrip.domain.user.mapper.UserMapper">

    <!-- 회원가입 -->
    <insert id="insertUser" parameterType="com.ssafy.enjoytrip.domain.user.model.User"
            useGeneratedKeys="true" keyProperty="id">
        INSERT INTO users (email, password, name, nickname)
        VALUES (#{email}, #{password}, #{name}, #{nickname})
    </insert>

    <!-- 이메일로 사용자 조회 -->
    <select id="selectByEmail" resultType="com.ssafy.enjoytrip.domain.user.model.User">
        SELECT id, email, password, name, nickname, created_at, updated_at
        FROM users
        WHERE email = #{email}
    </select>

    <!-- 회원정보 수정 -->
    <update id="updateUser" parameterType="com.ssafy.enjoytrip.domain.user.model.User">
        UPDATE users
        SET
            name = #{name},
            email = #{email},
            nickname = #{nickname}
            <if test="password != null and password != ''">
                , password = #{password}
            </if>
        WHERE id = #{id}
    </update>

    <delete id="deleteUserById" parameterType="long">
        DELETE FROM users
        WHERE id = #{id}
    </delete>

    <!-- ID로 사용자 조회 -->
    <select id="selectUserById" parameterType="long" resultType="com.ssafy.enjoytrip.domain.user.model.User">
        SELECT id, email, password, name, nickname, created_at, updated_at
        FROM users
        WHERE id = #{id}
    </select>
    <!-- 비밀번호 변경-->
    <update id="updatePasswordById">
        UPDATE users
        SET password = #{password}
        WHERE id = #{userId}
    </update>
</mapper>
